{"cameraMode":{"drawMode":0,"name":"Shaded","section":"Shading Mode"},"sceneLighting":true,"audioPlay":false,"sceneViewState":{"m_AlwaysRefresh":false,"showFog":true,"showSkybox":false,"showFlares":true,"showImageEffects":true,"showParticleSystems":true,"showVisualEffectGraphs":true,"m_FxEnabled":true},"in2DMode":false,"pivot":{"x":-0.24332427978515626,"y":1.4619998931884766,"z":3.7814998626708986},"rotation":{"x":-0.053614433854818347,"y":0.9460827708244324,"z":-0.2378590852022171,"w":-0.21325108408927918},"size":43.95463562011719,"orthographic":false}